mysqldump: [Warning] Using a password on the command line interface can be insecure.
-- MySQL dump 10.13  Distrib 8.0.28, for Linux (x86_64)
--
-- Host: localhost    Database: learning
-- ------------------------------------------------------
-- Server version	8.0.28

/*!40101 SET @OLD_CHARACTER_SET_CLIENT=@@CHARACTER_SET_CLIENT */;
/*!40101 SET @OLD_CHARACTER_SET_RESULTS=@@CHARACTER_SET_RESULTS */;
/*!40101 SET @OLD_COLLATION_CONNECTION=@@COLLATION_CONNECTION */;
/*!50503 SET NAMES utf8mb4 */;
/*!40103 SET @OLD_TIME_ZONE=@@TIME_ZONE */;
/*!40103 SET TIME_ZONE='+00:00' */;
/*!40014 SET @OLD_UNIQUE_CHECKS=@@UNIQUE_CHECKS, UNIQUE_CHECKS=0 */;
/*!40014 SET @OLD_FOREIGN_KEY_CHECKS=@@FOREIGN_KEY_CHECKS, FOREIGN_KEY_CHECKS=0 */;
/*!40101 SET @OLD_SQL_MODE=@@SQL_MODE, SQL_MODE='NO_AUTO_VALUE_ON_ZERO' */;
/*!40111 SET @OLD_SQL_NOTES=@@SQL_NOTES, SQL_NOTES=0 */;

--
-- Table structure for table `car`
--

DROP TABLE IF EXISTS `car`;
/*!40101 SET @saved_cs_client     = @@character_set_client */;
/*!50503 SET character_set_client = utf8mb4 */;
CREATE TABLE `car` (
  `id` int NOT NULL AUTO_INCREMENT,
  `brand` varchar(255) COLLATE utf8mb4_unicode_ci NOT NULL,
  `model` varchar(255) COLLATE utf8mb4_unicode_ci NOT NULL,
  `reg_number` varchar(255) COLLATE utf8mb4_unicode_ci NOT NULL,
  `created_at` datetime NOT NULL COMMENT '(DC2Type:datetime_immutable)',
  PRIMARY KEY (`id`)
) ENGINE=InnoDB AUTO_INCREMENT=6 DEFAULT CHARSET=utf8mb4 COLLATE=utf8mb4_unicode_ci;
/*!40101 SET character_set_client = @saved_cs_client */;

--
-- Dumping data for table `car`
--

LOCK TABLES `car` WRITE;
/*!40000 ALTER TABLE `car` DISABLE KEYS */;
INSERT INTO `car` VALUES (1,'Nissan','Rogue Sport','AA3789PK','2022-02-12 00:00:00'),(2,'Mitsubishi','Colt','AA8825KK','2022-02-12 00:00:00'),(3,'Dodge','Journey','KA6588BH','2022-02-19 00:00:00'),(4,'Ford','Fiesta','AA3789PK','2022-02-19 00:00:00'),(5,'Mitsubishi','Outlander','AA7079HK','2022-02-20 15:02:34');
/*!40000 ALTER TABLE `car` ENABLE KEYS */;
UNLOCK TABLES;

--
-- Table structure for table `currency`
--

DROP TABLE IF EXISTS `currency`;
/*!40101 SET @saved_cs_client     = @@character_set_client */;
/*!50503 SET character_set_client = utf8mb4 */;
CREATE TABLE `currency` (
  `id` int NOT NULL AUTO_INCREMENT,
  `name` varchar(255) COLLATE utf8mb4_unicode_ci NOT NULL,
  `iso_code` varchar(6) COLLATE utf8mb4_unicode_ci NOT NULL,
  PRIMARY KEY (`id`)
) ENGINE=InnoDB AUTO_INCREMENT=3 DEFAULT CHARSET=utf8mb4 COLLATE=utf8mb4_unicode_ci;
/*!40101 SET character_set_client = @saved_cs_client */;

--
-- Dumping data for table `currency`
--

LOCK TABLES `currency` WRITE;
/*!40000 ALTER TABLE `currency` DISABLE KEYS */;
INSERT INTO `currency` VALUES (1,'Гривна','UAH'),(2,'Евро','EUR');
/*!40000 ALTER TABLE `currency` ENABLE KEYS */;
UNLOCK TABLES;

--
-- Table structure for table `doctrine_migration_versions`
--

DROP TABLE IF EXISTS `doctrine_migration_versions`;
/*!40101 SET @saved_cs_client     = @@character_set_client */;
/*!50503 SET character_set_client = utf8mb4 */;
CREATE TABLE `doctrine_migration_versions` (
  `version` varchar(191) COLLATE utf8_unicode_ci NOT NULL,
  `executed_at` datetime DEFAULT NULL,
  `execution_time` int DEFAULT NULL,
  PRIMARY KEY (`version`)
) ENGINE=InnoDB DEFAULT CHARSET=utf8mb3 COLLATE=utf8_unicode_ci;
/*!40101 SET character_set_client = @saved_cs_client */;

--
-- Dumping data for table `doctrine_migration_versions`
--

LOCK TABLES `doctrine_migration_versions` WRITE;
/*!40000 ALTER TABLE `doctrine_migration_versions` DISABLE KEYS */;
INSERT INTO `doctrine_migration_versions` VALUES ('DoctrineMigrations\\Version20220210154055','2022-02-10 17:41:06',195),('DoctrineMigrations\\Version20220211054030','2022-02-11 07:40:37',176),('DoctrineMigrations\\Version20220212175549','2022-02-12 19:56:01',155),('DoctrineMigrations\\Version20220212203447','2022-02-12 22:34:51',39),('DoctrineMigrations\\Version20220214143024','2022-02-14 16:35:25',104),('DoctrineMigrations\\Version20220216091114','2022-02-16 11:11:21',975),('DoctrineMigrations\\Version20220217113452','2022-02-17 13:34:58',184);
/*!40000 ALTER TABLE `doctrine_migration_versions` ENABLE KEYS */;
UNLOCK TABLES;

--
-- Table structure for table `fuel`
--

DROP TABLE IF EXISTS `fuel`;
/*!40101 SET @saved_cs_client     = @@character_set_client */;
/*!50503 SET character_set_client = utf8mb4 */;
CREATE TABLE `fuel` (
  `id` int NOT NULL AUTO_INCREMENT,
  `type` varchar(255) COLLATE utf8mb4_unicode_ci NOT NULL,
  PRIMARY KEY (`id`)
) ENGINE=InnoDB AUTO_INCREMENT=6 DEFAULT CHARSET=utf8mb4 COLLATE=utf8mb4_unicode_ci;
/*!40101 SET character_set_client = @saved_cs_client */;

--
-- Dumping data for table `fuel`
--

LOCK TABLES `fuel` WRITE;
/*!40000 ALTER TABLE `fuel` DISABLE KEYS */;
INSERT INTO `fuel` VALUES (1,'Бензин 95'),(2,'Спиртовой 95E'),(3,'Газ'),(4,'Дизель'),(5,'Бензин 92');
/*!40000 ALTER TABLE `fuel` ENABLE KEYS */;
UNLOCK TABLES;

--
-- Table structure for table `petrol_station`
--

DROP TABLE IF EXISTS `petrol_station`;
/*!40101 SET @saved_cs_client     = @@character_set_client */;
/*!50503 SET character_set_client = utf8mb4 */;
CREATE TABLE `petrol_station` (
  `id` int NOT NULL AUTO_INCREMENT,
  `name` varchar(255) COLLATE utf8mb4_unicode_ci NOT NULL,
  `picture_filename` varchar(255) COLLATE utf8mb4_unicode_ci DEFAULT NULL,
  PRIMARY KEY (`id`)
) ENGINE=InnoDB AUTO_INCREMENT=11 DEFAULT CHARSET=utf8mb4 COLLATE=utf8mb4_unicode_ci;
/*!40101 SET character_set_client = @saved_cs_client */;

--
-- Dumping data for table `petrol_station`
--

LOCK TABLES `petrol_station` WRITE;
/*!40000 ALTER TABLE `petrol_station` DISABLE KEYS */;
INSERT INTO `petrol_station` VALUES (1,'OKKO','okko-6206dfca5303b.jpg'),(2,'ANP','photo-5bd9cac6340c5-6206de41de6ac.png'),(3,'WOG','wog-6206de33d587f.png'),(4,'Авиас','avias-6206de4ccefe7.png'),(5,'Сокар','socar-6206decbb3375.png'),(6,'Glusko','glusko-6207959f7816f.png'),(7,'UPG','upg-6206d596d0440.png'),(8,'БРСМ','photo-5deaeb397848f0-11502882-6206e0e8194c1.jpg'),(9,'Другая','gas-station-sign-logo-4717751525-seeklogo-com-6206e074ae4eb.png'),(10,'УкрАвто','ukravto-6206e0861e3fd.jpg');
/*!40000 ALTER TABLE `petrol_station` ENABLE KEYS */;
UNLOCK TABLES;

--
-- Table structure for table `refuelling`
--

DROP TABLE IF EXISTS `refuelling`;
/*!40101 SET @saved_cs_client     = @@character_set_client */;
/*!50503 SET character_set_client = utf8mb4 */;
CREATE TABLE `refuelling` (
  `id` int NOT NULL AUTO_INCREMENT,
  `user_id` int NOT NULL,
  `car_id` int NOT NULL,
  `petrol_station_id` int NOT NULL,
  `fuel_id` int NOT NULL,
  `currency_id` int NOT NULL,
  `litres` decimal(6,2) NOT NULL,
  `cost` decimal(7,2) NOT NULL,
  `created_at` datetime NOT NULL COMMENT '(DC2Type:datetime_immutable)',
  `updated_at` datetime DEFAULT NULL COMMENT '(DC2Type:datetime_immutable)',
  PRIMARY KEY (`id`),
  KEY `IDX_B5B3A1EBA76ED395` (`user_id`),
  KEY `IDX_B5B3A1EBC3C6F69F` (`car_id`),
  KEY `IDX_B5B3A1EB44C87A3B` (`petrol_station_id`),
  KEY `IDX_B5B3A1EB97C79677` (`fuel_id`),
  KEY `IDX_B5B3A1EB38248176` (`currency_id`),
  CONSTRAINT `FK_B5B3A1EB38248176` FOREIGN KEY (`currency_id`) REFERENCES `currency` (`id`),
  CONSTRAINT `FK_B5B3A1EB44C87A3B` FOREIGN KEY (`petrol_station_id`) REFERENCES `petrol_station` (`id`),
  CONSTRAINT `FK_B5B3A1EB97C79677` FOREIGN KEY (`fuel_id`) REFERENCES `fuel` (`id`),
  CONSTRAINT `FK_B5B3A1EBA76ED395` FOREIGN KEY (`user_id`) REFERENCES `user` (`id`),
  CONSTRAINT `FK_B5B3A1EBC3C6F69F` FOREIGN KEY (`car_id`) REFERENCES `car` (`id`)
) ENGINE=InnoDB AUTO_INCREMENT=9 DEFAULT CHARSET=utf8mb4 COLLATE=utf8mb4_unicode_ci;
/*!40101 SET character_set_client = @saved_cs_client */;

--
-- Dumping data for table `refuelling`
--

LOCK TABLES `refuelling` WRITE;
/*!40000 ALTER TABLE `refuelling` DISABLE KEYS */;
INSERT INTO `refuelling` VALUES (1,6,1,1,1,1,10.00,200.00,'2022-02-17 15:37:00',NULL),(2,6,1,1,2,1,15.00,320.00,'2022-02-17 15:39:00',NULL),(3,6,2,8,4,1,20.00,100.00,'2022-02-17 15:52:00',NULL),(4,6,1,5,3,1,55.00,1000.00,'2022-02-17 17:21:00',NULL),(5,6,2,5,1,1,55.00,200.00,'2022-02-17 23:02:00',NULL),(6,6,1,7,2,1,20.00,320.00,'2022-02-17 23:04:00',NULL),(7,6,1,4,2,1,22.00,400.00,'2022-02-18 22:34:00',NULL),(8,6,2,4,1,1,5.00,4.00,'2022-02-19 14:41:31',NULL);
/*!40000 ALTER TABLE `refuelling` ENABLE KEYS */;
UNLOCK TABLES;

--
-- Table structure for table `sessions`
--

DROP TABLE IF EXISTS `sessions`;
/*!40101 SET @saved_cs_client     = @@character_set_client */;
/*!50503 SET character_set_client = utf8mb4 */;
CREATE TABLE `sessions` (
  `sess_id` varchar(128) COLLATE utf8mb4_unicode_ci NOT NULL,
  `sess_data` blob NOT NULL,
  `sess_lifetime` int NOT NULL,
  `sess_time` int NOT NULL,
  PRIMARY KEY (`sess_id`)
) ENGINE=InnoDB DEFAULT CHARSET=utf8mb4 COLLATE=utf8mb4_unicode_ci;
/*!40101 SET character_set_client = @saved_cs_client */;

--
-- Dumping data for table `sessions`
--

LOCK TABLES `sessions` WRITE;
/*!40000 ALTER TABLE `sessions` DISABLE KEYS */;
INSERT INTO `sessions` VALUES ('0fgmju0kf5f8571i3136hs5lc0',_binary '_sf2_attributes|a:2:{s:26:\"_security.main.target_path\";s:23:\"https://localhost:8000/\";s:29:\"_csrf/https-registration_form\";s:43:\"EzNtnrxClwz3b8X4ztni3ZmJL012J8DQ7Pl52YdDIr0\";}_sf2_meta|a:3:{s:1:\"u\";i:1644934002;s:1:\"c\";i:1644933971;s:1:\"l\";i:0;}',1644935442,1644934002),('18ve3hp7m5na8u447uhbh8iaob',_binary '_sf2_attributes|a:1:{s:26:\"_security.main.target_path\";s:23:\"https://localhost:8000/\";}_sf2_meta|a:3:{s:1:\"u\";i:1644944556;s:1:\"c\";i:1644943371;s:1:\"l\";i:0;}',1644945996,1644944556),('3kbfckt9o7vs1phul0qhukbaat',_binary '_sf2_attributes|a:1:{s:14:\"_security_main\";s:1048:\"O:68:\"Symfony\\Component\\Security\\Core\\Authentication\\Token\\RememberMeToken\":3:{i:0;s:32:\"3221a19cc10969885ab8b0d29a65bdda\";i:1;s:4:\"main\";i:2;a:5:{i:0;O:15:\"App\\Entity\\User\":10:{s:19:\"\0App\\Entity\\User\0id\";i:6;s:22:\"\0App\\Entity\\User\0email\";s:21:\"echerepenya@gmail.com\";s:22:\"\0App\\Entity\\User\0roles\";a:0:{}s:25:\"\0App\\Entity\\User\0password\";s:60:\"$2y$13$Q.tRJrb7t8T1sBkCWuZyC.wkgPvMmY.dwxuDHAY/C5.nvM7Cx.AcS\";s:21:\"\0App\\Entity\\User\0name\";s:7:\"Evgeniy\";s:22:\"\0App\\Entity\\User\0phone\";s:13:\"+380937527958\";s:26:\"\0App\\Entity\\User\0createdAt\";O:17:\"DateTimeImmutable\":3:{s:4:\"date\";s:26:\"2022-02-14 23:33:32.000000\";s:13:\"timezone_type\";i:3;s:8:\"timezone\";s:11:\"Europe/Kiev\";}s:26:\"\0App\\Entity\\User\0updatedAt\";N;s:27:\"\0App\\Entity\\User\0isVerified\";b:0;s:28:\"\0App\\Entity\\User\0refuellings\";O:33:\"Doctrine\\ORM\\PersistentCollection\":2:{s:13:\"\0*\0collection\";O:43:\"Doctrine\\Common\\Collections\\ArrayCollection\":1:{s:53:\"\0Doctrine\\Common\\Collections\\ArrayCollection\0elements\";a:0:{}}s:14:\"\0*\0initialized\";b:0;}}i:1;b:1;i:2;N;i:3;a:0:{}i:4;a:1:{i:0;s:9:\"ROLE_USER\";}}}\";}_sf2_meta|a:3:{s:1:\"u\";i:1645437847;s:1:\"c\";i:1645437840;s:1:\"l\";i:0;}',1645439287,1645437847),('4p836jgba7p69un88q01rkkcna',_binary '_sf2_attributes|a:2:{s:23:\"_security.last_username\";s:21:\"echerepenya@gmail.com\";s:14:\"_security_main\";s:1016:\"O:74:\"Symfony\\Component\\Security\\Core\\Authentication\\Token\\UsernamePasswordToken\":3:{i:0;N;i:1;s:4:\"main\";i:2;a:5:{i:0;O:15:\"App\\Entity\\User\":10:{s:19:\"\0App\\Entity\\User\0id\";i:6;s:22:\"\0App\\Entity\\User\0email\";s:21:\"echerepenya@gmail.com\";s:22:\"\0App\\Entity\\User\0roles\";a:0:{}s:25:\"\0App\\Entity\\User\0password\";s:60:\"$2y$13$Q.tRJrb7t8T1sBkCWuZyC.wkgPvMmY.dwxuDHAY/C5.nvM7Cx.AcS\";s:21:\"\0App\\Entity\\User\0name\";s:7:\"Evgeniy\";s:22:\"\0App\\Entity\\User\0phone\";s:13:\"+380937527958\";s:26:\"\0App\\Entity\\User\0createdAt\";O:17:\"DateTimeImmutable\":3:{s:4:\"date\";s:26:\"2022-02-14 23:33:32.000000\";s:13:\"timezone_type\";i:3;s:8:\"timezone\";s:11:\"Europe/Kiev\";}s:26:\"\0App\\Entity\\User\0updatedAt\";N;s:27:\"\0App\\Entity\\User\0isVerified\";b:0;s:28:\"\0App\\Entity\\User\0refuellings\";O:33:\"Doctrine\\ORM\\PersistentCollection\":2:{s:13:\"\0*\0collection\";O:43:\"Doctrine\\Common\\Collections\\ArrayCollection\":1:{s:53:\"\0Doctrine\\Common\\Collections\\ArrayCollection\0elements\";a:0:{}}s:14:\"\0*\0initialized\";b:0;}}i:1;b:1;i:2;N;i:3;a:0:{}i:4;a:1:{i:0;s:9:\"ROLE_USER\";}}}\";}_sf2_meta|a:3:{s:1:\"u\";i:1645012017;s:1:\"c\";i:1645009419;s:1:\"l\";i:0;}',1645013457,1645012017),('5oi83tvg9keevkdof9tk8aoro8',_binary '_sf2_attributes|a:1:{s:14:\"_security_main\";s:1048:\"O:68:\"Symfony\\Component\\Security\\Core\\Authentication\\Token\\RememberMeToken\":3:{i:0;s:32:\"3221a19cc10969885ab8b0d29a65bdda\";i:1;s:4:\"main\";i:2;a:5:{i:0;O:15:\"App\\Entity\\User\":10:{s:19:\"\0App\\Entity\\User\0id\";i:6;s:22:\"\0App\\Entity\\User\0email\";s:21:\"echerepenya@gmail.com\";s:22:\"\0App\\Entity\\User\0roles\";a:0:{}s:25:\"\0App\\Entity\\User\0password\";s:60:\"$2y$13$Q.tRJrb7t8T1sBkCWuZyC.wkgPvMmY.dwxuDHAY/C5.nvM7Cx.AcS\";s:21:\"\0App\\Entity\\User\0name\";s:7:\"Evgeniy\";s:22:\"\0App\\Entity\\User\0phone\";s:13:\"+380937527958\";s:26:\"\0App\\Entity\\User\0createdAt\";O:17:\"DateTimeImmutable\":3:{s:4:\"date\";s:26:\"2022-02-14 23:33:32.000000\";s:13:\"timezone_type\";i:3;s:8:\"timezone\";s:11:\"Europe/Kiev\";}s:26:\"\0App\\Entity\\User\0updatedAt\";N;s:27:\"\0App\\Entity\\User\0isVerified\";b:0;s:28:\"\0App\\Entity\\User\0refuellings\";O:33:\"Doctrine\\ORM\\PersistentCollection\":2:{s:13:\"\0*\0collection\";O:43:\"Doctrine\\Common\\Collections\\ArrayCollection\":1:{s:53:\"\0Doctrine\\Common\\Collections\\ArrayCollection\0elements\";a:0:{}}s:14:\"\0*\0initialized\";b:0;}}i:1;b:1;i:2;N;i:3;a:0:{}i:4;a:1:{i:0;s:9:\"ROLE_USER\";}}}\";}_sf2_meta|a:3:{s:1:\"u\";i:1645044886;s:1:\"c\";i:1645044820;s:1:\"l\";i:0;}',1645046326,1645044886),('64ngi3jop3tvtdmmo1icp0aoht',_binary '_sf2_attributes|a:3:{s:29:\"_csrf/https-registration_form\";s:43:\"pv54U-H-A72Y3RT5qYMlq-AlGiZf6Hiv1GD1qCKvb08\";s:23:\"_security.last_username\";s:21:\"echerepenya@gmail.com\";s:14:\"_security_main\";s:1016:\"O:74:\"Symfony\\Component\\Security\\Core\\Authentication\\Token\\UsernamePasswordToken\":3:{i:0;N;i:1;s:4:\"main\";i:2;a:5:{i:0;O:15:\"App\\Entity\\User\":10:{s:19:\"\0App\\Entity\\User\0id\";i:6;s:22:\"\0App\\Entity\\User\0email\";s:21:\"echerepenya@gmail.com\";s:22:\"\0App\\Entity\\User\0roles\";a:0:{}s:25:\"\0App\\Entity\\User\0password\";s:60:\"$2y$13$Q.tRJrb7t8T1sBkCWuZyC.wkgPvMmY.dwxuDHAY/C5.nvM7Cx.AcS\";s:21:\"\0App\\Entity\\User\0name\";s:7:\"Evgeniy\";s:22:\"\0App\\Entity\\User\0phone\";s:13:\"+380937527958\";s:26:\"\0App\\Entity\\User\0createdAt\";O:17:\"DateTimeImmutable\":3:{s:4:\"date\";s:26:\"2022-02-14 23:33:32.000000\";s:13:\"timezone_type\";i:3;s:8:\"timezone\";s:11:\"Europe/Kiev\";}s:26:\"\0App\\Entity\\User\0updatedAt\";N;s:27:\"\0App\\Entity\\User\0isVerified\";b:0;s:28:\"\0App\\Entity\\User\0refuellings\";O:33:\"Doctrine\\ORM\\PersistentCollection\":2:{s:13:\"\0*\0collection\";O:43:\"Doctrine\\Common\\Collections\\ArrayCollection\":1:{s:53:\"\0Doctrine\\Common\\Collections\\ArrayCollection\0elements\";a:0:{}}s:14:\"\0*\0initialized\";b:0;}}i:1;b:1;i:2;N;i:3;a:0:{}i:4;a:1:{i:0;s:9:\"ROLE_USER\";}}}\";}_sf2_meta|a:3:{s:1:\"u\";i:1645030001;s:1:\"c\";i:1645029182;s:1:\"l\";i:0;}',1645031441,1645030001),('6doqhjrtd0ferc84jp4c128dai',_binary '_sf2_attributes|a:1:{s:29:\"_csrf/https-registration_form\";s:43:\"HIgU48c-dIkkdQS0D13I24Ur1xfSlEtWpvx8EID6DKM\";}_sf2_meta|a:3:{s:1:\"u\";i:1644921360;s:1:\"c\";i:1644920602;s:1:\"l\";i:0;}',1644922800,1644921360),('6qd5nfgtdtob6dim1t8sthhm64',_binary '_sf2_attributes|a:2:{s:26:\"_csrf/https-petrol_station\";s:43:\"CdAOMHFT1Q4Bass8sNpNhq6L3oGOctYwaUxnOuxAEs8\";s:29:\"_csrf/https-registration_form\";s:43:\"Tpf-0poigmpexbsEzP3hemo2y3YA2uw99qvVmLdblMA\";}_sf2_meta|a:3:{s:1:\"u\";i:1644912077;s:1:\"c\";i:1644911572;s:1:\"l\";i:0;}',1644913517,1644912077),('88mnms9flq9ubk4t7l0p0alv4g',_binary '_sf2_attributes|a:2:{s:14:\"_security_main\";s:1048:\"O:68:\"Symfony\\Component\\Security\\Core\\Authentication\\Token\\RememberMeToken\":3:{i:0;s:32:\"3221a19cc10969885ab8b0d29a65bdda\";i:1;s:4:\"main\";i:2;a:5:{i:0;O:15:\"App\\Entity\\User\":10:{s:19:\"\0App\\Entity\\User\0id\";i:6;s:22:\"\0App\\Entity\\User\0email\";s:21:\"echerepenya@gmail.com\";s:22:\"\0App\\Entity\\User\0roles\";a:0:{}s:25:\"\0App\\Entity\\User\0password\";s:60:\"$2y$13$Q.tRJrb7t8T1sBkCWuZyC.wkgPvMmY.dwxuDHAY/C5.nvM7Cx.AcS\";s:21:\"\0App\\Entity\\User\0name\";s:7:\"Evgeniy\";s:22:\"\0App\\Entity\\User\0phone\";s:13:\"+380937527958\";s:26:\"\0App\\Entity\\User\0createdAt\";O:17:\"DateTimeImmutable\":3:{s:4:\"date\";s:26:\"2022-02-14 23:33:32.000000\";s:13:\"timezone_type\";i:3;s:8:\"timezone\";s:11:\"Europe/Kiev\";}s:26:\"\0App\\Entity\\User\0updatedAt\";N;s:27:\"\0App\\Entity\\User\0isVerified\";b:0;s:28:\"\0App\\Entity\\User\0refuellings\";O:33:\"Doctrine\\ORM\\PersistentCollection\":2:{s:13:\"\0*\0collection\";O:43:\"Doctrine\\Common\\Collections\\ArrayCollection\":1:{s:53:\"\0Doctrine\\Common\\Collections\\ArrayCollection\0elements\";a:0:{}}s:14:\"\0*\0initialized\";b:0;}}i:1;b:1;i:2;N;i:3;a:0:{}i:4;a:1:{i:0;s:9:\"ROLE_USER\";}}}\";s:22:\"_csrf/https-refuelling\";s:43:\"Uhs6ceX0Kjm9xofNNK8BW9SjBxjKlFQYbkycni5Wvrs\";}_sf2_meta|a:3:{s:1:\"u\";i:1645134170;s:1:\"c\";i:1645129370;s:1:\"l\";i:0;}',1645135610,1645134170),('a7unffi64g3ffi7jokc6mag3nm',_binary '_sf2_attributes|a:4:{s:23:\"_security.last_username\";s:21:\"echerepenya@gmail.com\";s:14:\"_security_main\";s:1016:\"O:74:\"Symfony\\Component\\Security\\Core\\Authentication\\Token\\UsernamePasswordToken\":3:{i:0;N;i:1;s:4:\"main\";i:2;a:5:{i:0;O:15:\"App\\Entity\\User\":10:{s:19:\"\0App\\Entity\\User\0id\";i:6;s:22:\"\0App\\Entity\\User\0email\";s:21:\"echerepenya@gmail.com\";s:22:\"\0App\\Entity\\User\0roles\";a:0:{}s:25:\"\0App\\Entity\\User\0password\";s:60:\"$2y$13$Q.tRJrb7t8T1sBkCWuZyC.wkgPvMmY.dwxuDHAY/C5.nvM7Cx.AcS\";s:21:\"\0App\\Entity\\User\0name\";s:7:\"Evgeniy\";s:22:\"\0App\\Entity\\User\0phone\";s:13:\"+380937527958\";s:26:\"\0App\\Entity\\User\0createdAt\";O:17:\"DateTimeImmutable\":3:{s:4:\"date\";s:26:\"2022-02-14 23:33:32.000000\";s:13:\"timezone_type\";i:3;s:8:\"timezone\";s:11:\"Europe/Kiev\";}s:26:\"\0App\\Entity\\User\0updatedAt\";N;s:27:\"\0App\\Entity\\User\0isVerified\";b:0;s:28:\"\0App\\Entity\\User\0refuellings\";O:33:\"Doctrine\\ORM\\PersistentCollection\":2:{s:13:\"\0*\0collection\";O:43:\"Doctrine\\Common\\Collections\\ArrayCollection\":1:{s:53:\"\0Doctrine\\Common\\Collections\\ArrayCollection\0elements\";a:0:{}}s:14:\"\0*\0initialized\";b:0;}}i:1;b:1;i:2;N;i:3;a:0:{}i:4;a:1:{i:0;s:9:\"ROLE_USER\";}}}\";s:22:\"_csrf/https-refuelling\";s:43:\"90lZgGQVI_qIs6h3WaSrJqqeOdTVZ27CXS5-NYDG93A\";s:26:\"_csrf/https-petrol_station\";s:43:\"XfrnR_BtZrC6mgsJN1c4TjXD0Xy-otAem-5AJJ3Z9ls\";}_sf2_meta|a:3:{s:1:\"u\";i:1645112957;s:1:\"c\";i:1645112242;s:1:\"l\";i:0;}',1645114397,1645112957),('afqm7jhn84cf2mlciif5pb11g3',_binary '_sf2_attributes|a:1:{s:14:\"_security_main\";s:1048:\"O:68:\"Symfony\\Component\\Security\\Core\\Authentication\\Token\\RememberMeToken\":3:{i:0;s:32:\"3221a19cc10969885ab8b0d29a65bdda\";i:1;s:4:\"main\";i:2;a:5:{i:0;O:15:\"App\\Entity\\User\":10:{s:19:\"\0App\\Entity\\User\0id\";i:6;s:22:\"\0App\\Entity\\User\0email\";s:21:\"echerepenya@gmail.com\";s:22:\"\0App\\Entity\\User\0roles\";a:0:{}s:25:\"\0App\\Entity\\User\0password\";s:60:\"$2y$13$Q.tRJrb7t8T1sBkCWuZyC.wkgPvMmY.dwxuDHAY/C5.nvM7Cx.AcS\";s:21:\"\0App\\Entity\\User\0name\";s:7:\"Evgeniy\";s:22:\"\0App\\Entity\\User\0phone\";s:13:\"+380937527958\";s:26:\"\0App\\Entity\\User\0createdAt\";O:17:\"DateTimeImmutable\":3:{s:4:\"date\";s:26:\"2022-02-14 23:33:32.000000\";s:13:\"timezone_type\";i:3;s:8:\"timezone\";s:11:\"Europe/Kiev\";}s:26:\"\0App\\Entity\\User\0updatedAt\";N;s:27:\"\0App\\Entity\\User\0isVerified\";b:0;s:28:\"\0App\\Entity\\User\0refuellings\";O:33:\"Doctrine\\ORM\\PersistentCollection\":2:{s:13:\"\0*\0collection\";O:43:\"Doctrine\\Common\\Collections\\ArrayCollection\":1:{s:53:\"\0Doctrine\\Common\\Collections\\ArrayCollection\0elements\";a:0:{}}s:14:\"\0*\0initialized\";b:0;}}i:1;b:1;i:2;N;i:3;a:0:{}i:4;a:1:{i:0;s:9:\"ROLE_USER\";}}}\";}_sf2_meta|a:3:{s:1:\"u\";i:1645020518;s:1:\"c\";i:1645018988;s:1:\"l\";i:0;}',1645021958,1645020518),('cf0s5ntmeu1dnm5609bsdqamvo',_binary '_sf2_attributes|a:1:{s:14:\"_security_main\";s:1048:\"O:68:\"Symfony\\Component\\Security\\Core\\Authentication\\Token\\RememberMeToken\":3:{i:0;s:32:\"3221a19cc10969885ab8b0d29a65bdda\";i:1;s:4:\"main\";i:2;a:5:{i:0;O:15:\"App\\Entity\\User\":10:{s:19:\"\0App\\Entity\\User\0id\";i:6;s:22:\"\0App\\Entity\\User\0email\";s:21:\"echerepenya@gmail.com\";s:22:\"\0App\\Entity\\User\0roles\";a:0:{}s:25:\"\0App\\Entity\\User\0password\";s:60:\"$2y$13$Q.tRJrb7t8T1sBkCWuZyC.wkgPvMmY.dwxuDHAY/C5.nvM7Cx.AcS\";s:21:\"\0App\\Entity\\User\0name\";s:7:\"Evgeniy\";s:22:\"\0App\\Entity\\User\0phone\";s:13:\"+380937527958\";s:26:\"\0App\\Entity\\User\0createdAt\";O:17:\"DateTimeImmutable\":3:{s:4:\"date\";s:26:\"2022-02-14 23:33:32.000000\";s:13:\"timezone_type\";i:3;s:8:\"timezone\";s:11:\"Europe/Kiev\";}s:26:\"\0App\\Entity\\User\0updatedAt\";N;s:27:\"\0App\\Entity\\User\0isVerified\";b:0;s:28:\"\0App\\Entity\\User\0refuellings\";O:33:\"Doctrine\\ORM\\PersistentCollection\":2:{s:13:\"\0*\0collection\";O:43:\"Doctrine\\Common\\Collections\\ArrayCollection\":1:{s:53:\"\0Doctrine\\Common\\Collections\\ArrayCollection\0elements\";a:0:{}}s:14:\"\0*\0initialized\";b:0;}}i:1;b:1;i:2;N;i:3;a:0:{}i:4;a:1:{i:0;s:9:\"ROLE_USER\";}}}\";}_sf2_meta|a:3:{s:1:\"u\";i:1645446118;s:1:\"c\";i:1645445181;s:1:\"l\";i:0;}',1645447558,1645446118),('ejsf8js11vdnli7el6qrkfri1f',_binary '_sf2_attributes|a:4:{s:14:\"_security_main\";s:1048:\"O:68:\"Symfony\\Component\\Security\\Core\\Authentication\\Token\\RememberMeToken\":3:{i:0;s:32:\"3221a19cc10969885ab8b0d29a65bdda\";i:1;s:4:\"main\";i:2;a:5:{i:0;O:15:\"App\\Entity\\User\":10:{s:19:\"\0App\\Entity\\User\0id\";i:6;s:22:\"\0App\\Entity\\User\0email\";s:21:\"echerepenya@gmail.com\";s:22:\"\0App\\Entity\\User\0roles\";a:0:{}s:25:\"\0App\\Entity\\User\0password\";s:60:\"$2y$13$Q.tRJrb7t8T1sBkCWuZyC.wkgPvMmY.dwxuDHAY/C5.nvM7Cx.AcS\";s:21:\"\0App\\Entity\\User\0name\";s:7:\"Evgeniy\";s:22:\"\0App\\Entity\\User\0phone\";s:13:\"+380937527958\";s:26:\"\0App\\Entity\\User\0createdAt\";O:17:\"DateTimeImmutable\":3:{s:4:\"date\";s:26:\"2022-02-14 23:33:32.000000\";s:13:\"timezone_type\";i:3;s:8:\"timezone\";s:11:\"Europe/Kiev\";}s:26:\"\0App\\Entity\\User\0updatedAt\";N;s:27:\"\0App\\Entity\\User\0isVerified\";b:0;s:28:\"\0App\\Entity\\User\0refuellings\";O:33:\"Doctrine\\ORM\\PersistentCollection\":2:{s:13:\"\0*\0collection\";O:43:\"Doctrine\\Common\\Collections\\ArrayCollection\":1:{s:53:\"\0Doctrine\\Common\\Collections\\ArrayCollection\0elements\";a:0:{}}s:14:\"\0*\0initialized\";b:0;}}i:1;b:1;i:2;N;i:3;a:0:{}i:4;a:1:{i:0;s:9:\"ROLE_USER\";}}}\";s:22:\"_csrf/https-refuelling\";s:43:\"8ha4lF9UiNHaScEc7_RlRYa3z5s8EaSn-oHxawTb47U\";s:15:\"_csrf/https-car\";s:43:\"oJlmpW5mQ8EPKEq0Hn9F26sumDSJxI5_6WEt6pNVFo8\";s:26:\"_csrf/https-petrol_station\";s:43:\"gj3utqxIwevkDiAx2X_KBSjxcIkTSQQavKBieIF7k_U\";}_sf2_meta|a:3:{s:1:\"u\";i:1645107939;s:1:\"c\";i:1645104684;s:1:\"l\";i:0;}',1645109380,1645107940),('eu15r8vjkrut4vch2pht865a5o',_binary '_sf2_attributes|a:4:{s:14:\"_security_main\";s:1048:\"O:68:\"Symfony\\Component\\Security\\Core\\Authentication\\Token\\RememberMeToken\":3:{i:0;s:32:\"3221a19cc10969885ab8b0d29a65bdda\";i:1;s:4:\"main\";i:2;a:5:{i:0;O:15:\"App\\Entity\\User\":10:{s:19:\"\0App\\Entity\\User\0id\";i:6;s:22:\"\0App\\Entity\\User\0email\";s:21:\"echerepenya@gmail.com\";s:22:\"\0App\\Entity\\User\0roles\";a:0:{}s:25:\"\0App\\Entity\\User\0password\";s:60:\"$2y$13$Q.tRJrb7t8T1sBkCWuZyC.wkgPvMmY.dwxuDHAY/C5.nvM7Cx.AcS\";s:21:\"\0App\\Entity\\User\0name\";s:7:\"Evgeniy\";s:22:\"\0App\\Entity\\User\0phone\";s:13:\"+380937527958\";s:26:\"\0App\\Entity\\User\0createdAt\";O:17:\"DateTimeImmutable\":3:{s:4:\"date\";s:26:\"2022-02-14 23:33:32.000000\";s:13:\"timezone_type\";i:3;s:8:\"timezone\";s:11:\"Europe/Kiev\";}s:26:\"\0App\\Entity\\User\0updatedAt\";N;s:27:\"\0App\\Entity\\User\0isVerified\";b:0;s:28:\"\0App\\Entity\\User\0refuellings\";O:33:\"Doctrine\\ORM\\PersistentCollection\":2:{s:13:\"\0*\0collection\";O:43:\"Doctrine\\Common\\Collections\\ArrayCollection\":1:{s:53:\"\0Doctrine\\Common\\Collections\\ArrayCollection\0elements\";a:0:{}}s:14:\"\0*\0initialized\";b:0;}}i:1;b:1;i:2;N;i:3;a:0:{}i:4;a:1:{i:0;s:9:\"ROLE_USER\";}}}\";s:22:\"_csrf/https-refuelling\";s:43:\"il5R2bVAXfrXJM5tHDkb5kRaiiwp5omKG7S84WebyGU\";s:26:\"_csrf/https-petrol_station\";s:43:\"fUrxEHnYbn9h6lqsMkWJuroMQ6e44n31jWG3hKDsJ-s\";s:15:\"_csrf/https-car\";s:43:\"hkmd28XjE3OPw0gEsIHSCTU_7ez6jLhAERyDpN1sRY4\";}_sf2_meta|a:3:{s:1:\"u\";i:1645347361;s:1:\"c\";i:1645344287;s:1:\"l\";i:0;}',1645348801,1645347361),('fdlcg5i2o7ld1lv1pke3g1gsuk',_binary '_sf2_attributes|a:1:{s:14:\"_security_main\";s:1048:\"O:68:\"Symfony\\Component\\Security\\Core\\Authentication\\Token\\RememberMeToken\":3:{i:0;s:32:\"3221a19cc10969885ab8b0d29a65bdda\";i:1;s:4:\"main\";i:2;a:5:{i:0;O:15:\"App\\Entity\\User\":10:{s:19:\"\0App\\Entity\\User\0id\";i:6;s:22:\"\0App\\Entity\\User\0email\";s:21:\"echerepenya@gmail.com\";s:22:\"\0App\\Entity\\User\0roles\";a:0:{}s:25:\"\0App\\Entity\\User\0password\";s:60:\"$2y$13$Q.tRJrb7t8T1sBkCWuZyC.wkgPvMmY.dwxuDHAY/C5.nvM7Cx.AcS\";s:21:\"\0App\\Entity\\User\0name\";s:7:\"Evgeniy\";s:22:\"\0App\\Entity\\User\0phone\";s:13:\"+380937527958\";s:26:\"\0App\\Entity\\User\0createdAt\";O:17:\"DateTimeImmutable\":3:{s:4:\"date\";s:26:\"2022-02-14 23:33:32.000000\";s:13:\"timezone_type\";i:3;s:8:\"timezone\";s:11:\"Europe/Kiev\";}s:26:\"\0App\\Entity\\User\0updatedAt\";N;s:27:\"\0App\\Entity\\User\0isVerified\";b:0;s:28:\"\0App\\Entity\\User\0refuellings\";O:33:\"Doctrine\\ORM\\PersistentCollection\":2:{s:13:\"\0*\0collection\";O:43:\"Doctrine\\Common\\Collections\\ArrayCollection\":1:{s:53:\"\0Doctrine\\Common\\Collections\\ArrayCollection\0elements\";a:0:{}}s:14:\"\0*\0initialized\";b:0;}}i:1;b:1;i:2;N;i:3;a:0:{}i:4;a:1:{i:0;s:9:\"ROLE_USER\";}}}\";}_sf2_meta|a:3:{s:1:\"u\";i:1645043330;s:1:\"c\";i:1645043330;s:1:\"l\";i:0;}',1645044770,1645043330),('fgmbfj5851md881sr1laq64nmu',_binary '_sf2_attributes|a:1:{s:23:\"_security.last_username\";s:21:\"echerepenya@gmail.com\";}_sf2_meta|a:3:{s:1:\"u\";i:1644854188;s:1:\"c\";i:1644849457;s:1:\"l\";i:0;}',1644855628,1644854188),('fpl2id2j0grj81o0g2vmberph2',_binary '_sf2_attributes|a:1:{s:14:\"_security_main\";s:1048:\"O:68:\"Symfony\\Component\\Security\\Core\\Authentication\\Token\\RememberMeToken\":3:{i:0;s:32:\"3221a19cc10969885ab8b0d29a65bdda\";i:1;s:4:\"main\";i:2;a:5:{i:0;O:15:\"App\\Entity\\User\":10:{s:19:\"\0App\\Entity\\User\0id\";i:6;s:22:\"\0App\\Entity\\User\0email\";s:21:\"echerepenya@gmail.com\";s:22:\"\0App\\Entity\\User\0roles\";a:0:{}s:25:\"\0App\\Entity\\User\0password\";s:60:\"$2y$13$Q.tRJrb7t8T1sBkCWuZyC.wkgPvMmY.dwxuDHAY/C5.nvM7Cx.AcS\";s:21:\"\0App\\Entity\\User\0name\";s:7:\"Evgeniy\";s:22:\"\0App\\Entity\\User\0phone\";s:13:\"+380937527958\";s:26:\"\0App\\Entity\\User\0createdAt\";O:17:\"DateTimeImmutable\":3:{s:4:\"date\";s:26:\"2022-02-14 23:33:32.000000\";s:13:\"timezone_type\";i:3;s:8:\"timezone\";s:11:\"Europe/Kiev\";}s:26:\"\0App\\Entity\\User\0updatedAt\";N;s:27:\"\0App\\Entity\\User\0isVerified\";b:0;s:28:\"\0App\\Entity\\User\0refuellings\";O:33:\"Doctrine\\ORM\\PersistentCollection\":2:{s:13:\"\0*\0collection\";O:43:\"Doctrine\\Common\\Collections\\ArrayCollection\":1:{s:53:\"\0Doctrine\\Common\\Collections\\ArrayCollection\0elements\";a:0:{}}s:14:\"\0*\0initialized\";b:0;}}i:1;b:1;i:2;N;i:3;a:0:{}i:4;a:1:{i:0;s:9:\"ROLE_USER\";}}}\";}_sf2_meta|a:3:{s:1:\"u\";i:1645395289;s:1:\"c\";i:1645392722;s:1:\"l\";i:0;}',1645396729,1645395289),('fqv12c0cjn19di8lb89imti0j8',_binary '_sf2_attributes|a:2:{s:22:\"_csrf/https-refuelling\";s:43:\"N2sOLGRi3pkdQf88B-Piypuw0LRBHyfIjwnR2L3w5EA\";s:14:\"_security_main\";s:1048:\"O:68:\"Symfony\\Component\\Security\\Core\\Authentication\\Token\\RememberMeToken\":3:{i:0;s:32:\"3221a19cc10969885ab8b0d29a65bdda\";i:1;s:4:\"main\";i:2;a:5:{i:0;O:15:\"App\\Entity\\User\":10:{s:19:\"\0App\\Entity\\User\0id\";i:6;s:22:\"\0App\\Entity\\User\0email\";s:21:\"echerepenya@gmail.com\";s:22:\"\0App\\Entity\\User\0roles\";a:0:{}s:25:\"\0App\\Entity\\User\0password\";s:60:\"$2y$13$Q.tRJrb7t8T1sBkCWuZyC.wkgPvMmY.dwxuDHAY/C5.nvM7Cx.AcS\";s:21:\"\0App\\Entity\\User\0name\";s:7:\"Evgeniy\";s:22:\"\0App\\Entity\\User\0phone\";s:13:\"+380937527958\";s:26:\"\0App\\Entity\\User\0createdAt\";O:17:\"DateTimeImmutable\":3:{s:4:\"date\";s:26:\"2022-02-14 23:33:32.000000\";s:13:\"timezone_type\";i:3;s:8:\"timezone\";s:11:\"Europe/Kiev\";}s:26:\"\0App\\Entity\\User\0updatedAt\";N;s:27:\"\0App\\Entity\\User\0isVerified\";b:0;s:28:\"\0App\\Entity\\User\0refuellings\";O:33:\"Doctrine\\ORM\\PersistentCollection\":2:{s:13:\"\0*\0collection\";O:43:\"Doctrine\\Common\\Collections\\ArrayCollection\":1:{s:53:\"\0Doctrine\\Common\\Collections\\ArrayCollection\0elements\";a:0:{}}s:14:\"\0*\0initialized\";b:0;}}i:1;b:1;i:2;N;i:3;a:0:{}i:4;a:1:{i:0;s:9:\"ROLE_USER\";}}}\";}_sf2_meta|a:3:{s:1:\"u\";i:1645221064;s:1:\"c\";i:1645212578;s:1:\"l\";i:0;}',1645222505,1645221065),('g0mbh4omolevj9vps9i5o9p36a',_binary '_sf2_attributes|a:4:{s:14:\"_security_main\";s:1048:\"O:68:\"Symfony\\Component\\Security\\Core\\Authentication\\Token\\RememberMeToken\":3:{i:0;s:32:\"3221a19cc10969885ab8b0d29a65bdda\";i:1;s:4:\"main\";i:2;a:5:{i:0;O:15:\"App\\Entity\\User\":10:{s:19:\"\0App\\Entity\\User\0id\";i:6;s:22:\"\0App\\Entity\\User\0email\";s:21:\"echerepenya@gmail.com\";s:22:\"\0App\\Entity\\User\0roles\";a:0:{}s:25:\"\0App\\Entity\\User\0password\";s:60:\"$2y$13$Q.tRJrb7t8T1sBkCWuZyC.wkgPvMmY.dwxuDHAY/C5.nvM7Cx.AcS\";s:21:\"\0App\\Entity\\User\0name\";s:7:\"Evgeniy\";s:22:\"\0App\\Entity\\User\0phone\";s:13:\"+380937527958\";s:26:\"\0App\\Entity\\User\0createdAt\";O:17:\"DateTimeImmutable\":3:{s:4:\"date\";s:26:\"2022-02-14 23:33:32.000000\";s:13:\"timezone_type\";i:3;s:8:\"timezone\";s:11:\"Europe/Kiev\";}s:26:\"\0App\\Entity\\User\0updatedAt\";N;s:27:\"\0App\\Entity\\User\0isVerified\";b:0;s:28:\"\0App\\Entity\\User\0refuellings\";O:33:\"Doctrine\\ORM\\PersistentCollection\":2:{s:13:\"\0*\0collection\";O:43:\"Doctrine\\Common\\Collections\\ArrayCollection\":1:{s:53:\"\0Doctrine\\Common\\Collections\\ArrayCollection\0elements\";a:0:{}}s:14:\"\0*\0initialized\";b:0;}}i:1;b:1;i:2;N;i:3;a:0:{}i:4;a:1:{i:0;s:9:\"ROLE_USER\";}}}\";s:15:\"_csrf/https-car\";s:43:\"npjgq8xrAv3n3iNdFJxG9X4h0PUCoKWSNwlGgHc3zSw\";s:26:\"_csrf/https-petrol_station\";s:43:\"G5n3e45MIJcOwjUIENpNOvAcTa356eB-6IdDJShrslQ\";s:22:\"_csrf/https-refuelling\";s:43:\"zlyPqrDs6HVRcvrSzO4artTOF1ur5ZaLIXXWZ7NFsU0\";}_sf2_meta|a:3:{s:1:\"u\";i:1645380234;s:1:\"c\";i:1645376733;s:1:\"l\";i:0;}',1645381674,1645380234),('g943a4uu1605kf9p3p7eku68kp',_binary '_sf2_attributes|a:4:{s:15:\"_csrf/https-car\";s:43:\"a-vUoCcYOn5kFI2dY7eMTM85Au6swDb4Iy5BJUqtEKE\";s:14:\"_security_main\";s:1048:\"O:68:\"Symfony\\Component\\Security\\Core\\Authentication\\Token\\RememberMeToken\":3:{i:0;s:32:\"3221a19cc10969885ab8b0d29a65bdda\";i:1;s:4:\"main\";i:2;a:5:{i:0;O:15:\"App\\Entity\\User\":10:{s:19:\"\0App\\Entity\\User\0id\";i:6;s:22:\"\0App\\Entity\\User\0email\";s:21:\"echerepenya@gmail.com\";s:22:\"\0App\\Entity\\User\0roles\";a:0:{}s:25:\"\0App\\Entity\\User\0password\";s:60:\"$2y$13$Q.tRJrb7t8T1sBkCWuZyC.wkgPvMmY.dwxuDHAY/C5.nvM7Cx.AcS\";s:21:\"\0App\\Entity\\User\0name\";s:7:\"Evgeniy\";s:22:\"\0App\\Entity\\User\0phone\";s:13:\"+380937527958\";s:26:\"\0App\\Entity\\User\0createdAt\";O:17:\"DateTimeImmutable\":3:{s:4:\"date\";s:26:\"2022-02-14 23:33:32.000000\";s:13:\"timezone_type\";i:3;s:8:\"timezone\";s:11:\"Europe/Kiev\";}s:26:\"\0App\\Entity\\User\0updatedAt\";N;s:27:\"\0App\\Entity\\User\0isVerified\";b:0;s:28:\"\0App\\Entity\\User\0refuellings\";O:33:\"Doctrine\\ORM\\PersistentCollection\":2:{s:13:\"\0*\0collection\";O:43:\"Doctrine\\Common\\Collections\\ArrayCollection\":1:{s:53:\"\0Doctrine\\Common\\Collections\\ArrayCollection\0elements\";a:0:{}}s:14:\"\0*\0initialized\";b:0;}}i:1;b:1;i:2;N;i:3;a:0:{}i:4;a:1:{i:0;s:9:\"ROLE_USER\";}}}\";s:22:\"_csrf/https-refuelling\";s:43:\"w5PYU_8dW0J4_D8lnJnRg_UvDxD8RE72R4WIeqOYC4I\";s:26:\"_csrf/https-petrol_station\";s:43:\"LSvUTEO0sxxrhGEsQFC3kMfxktufIXKZcz42awgtx-s\";}_sf2_meta|a:3:{s:1:\"u\";i:1645364645;s:1:\"c\";i:1645360648;s:1:\"l\";i:0;}',1645366085,1645364645),('gpuqphnkh6jesd83nj7rh0gqqe',_binary '_sf2_attributes|a:2:{s:22:\"_csrf/https-refuelling\";s:43:\"zWwkSugwjFEW-nYp1yrii4sDN6PmN4DTuQG2ASjeX9Y\";s:14:\"_security_main\";s:1048:\"O:68:\"Symfony\\Component\\Security\\Core\\Authentication\\Token\\RememberMeToken\":3:{i:0;s:32:\"3221a19cc10969885ab8b0d29a65bdda\";i:1;s:4:\"main\";i:2;a:5:{i:0;O:15:\"App\\Entity\\User\":10:{s:19:\"\0App\\Entity\\User\0id\";i:6;s:22:\"\0App\\Entity\\User\0email\";s:21:\"echerepenya@gmail.com\";s:22:\"\0App\\Entity\\User\0roles\";a:0:{}s:25:\"\0App\\Entity\\User\0password\";s:60:\"$2y$13$Q.tRJrb7t8T1sBkCWuZyC.wkgPvMmY.dwxuDHAY/C5.nvM7Cx.AcS\";s:21:\"\0App\\Entity\\User\0name\";s:7:\"Evgeniy\";s:22:\"\0App\\Entity\\User\0phone\";s:13:\"+380937527958\";s:26:\"\0App\\Entity\\User\0createdAt\";O:17:\"DateTimeImmutable\":3:{s:4:\"date\";s:26:\"2022-02-14 23:33:32.000000\";s:13:\"timezone_type\";i:3;s:8:\"timezone\";s:11:\"Europe/Kiev\";}s:26:\"\0App\\Entity\\User\0updatedAt\";N;s:27:\"\0App\\Entity\\User\0isVerified\";b:0;s:28:\"\0App\\Entity\\User\0refuellings\";O:33:\"Doctrine\\ORM\\PersistentCollection\":2:{s:13:\"\0*\0collection\";O:43:\"Doctrine\\Common\\Collections\\ArrayCollection\":1:{s:53:\"\0Doctrine\\Common\\Collections\\ArrayCollection\0elements\";a:0:{}}s:14:\"\0*\0initialized\";b:0;}}i:1;b:1;i:2;N;i:3;a:0:{}i:4;a:1:{i:0;s:9:\"ROLE_USER\";}}}\";}_sf2_meta|a:3:{s:1:\"u\";i:1645260811;s:1:\"c\";i:1645257070;s:1:\"l\";i:0;}',1645262252,1645260812),('gqfv65c41ma9qc5nif28if8p11',_binary '_sf2_attributes|a:3:{s:29:\"_csrf/https-registration_form\";s:43:\"WpyAFBMEv2HYxl_xUUXFBTYxUGBHdRpisToYONpOhMY\";s:23:\"_security.last_username\";s:21:\"echerepenya@gmail.com\";s:14:\"_security_main\";s:765:\"O:74:\"Symfony\\Component\\Security\\Core\\Authentication\\Token\\UsernamePasswordToken\":3:{i:0;N;i:1;s:4:\"main\";i:2;a:5:{i:0;O:15:\"App\\Entity\\User\":9:{s:19:\"\0App\\Entity\\User\0id\";i:6;s:22:\"\0App\\Entity\\User\0email\";s:21:\"echerepenya@gmail.com\";s:22:\"\0App\\Entity\\User\0roles\";a:0:{}s:25:\"\0App\\Entity\\User\0password\";s:60:\"$2y$13$Q.tRJrb7t8T1sBkCWuZyC.wkgPvMmY.dwxuDHAY/C5.nvM7Cx.AcS\";s:21:\"\0App\\Entity\\User\0name\";s:7:\"Evgeniy\";s:22:\"\0App\\Entity\\User\0phone\";s:13:\"+380937527958\";s:26:\"\0App\\Entity\\User\0createdAt\";O:17:\"DateTimeImmutable\":3:{s:4:\"date\";s:26:\"2022-02-14 23:33:32.000000\";s:13:\"timezone_type\";i:3;s:8:\"timezone\";s:11:\"Europe/Kiev\";}s:26:\"\0App\\Entity\\User\0updatedAt\";N;s:27:\"\0App\\Entity\\User\0isVerified\";b:0;}i:1;b:1;i:2;N;i:3;a:0:{}i:4;a:1:{i:0;s:9:\"ROLE_USER\";}}}\";}_sf2_meta|a:3:{s:1:\"u\";i:1644874439;s:1:\"c\";i:1644874439;s:1:\"l\";i:0;}',1644875880,1644874440),('haho7btqflnf1fqjgobk79018p',_binary '_sf2_attributes|a:2:{s:22:\"_csrf/https-refuelling\";s:43:\"w3D46NZU74rHpzUUAgH5go3g0ZZO4RCut3x1LYjZOWA\";s:14:\"_security_main\";s:1048:\"O:68:\"Symfony\\Component\\Security\\Core\\Authentication\\Token\\RememberMeToken\":3:{i:0;s:32:\"3221a19cc10969885ab8b0d29a65bdda\";i:1;s:4:\"main\";i:2;a:5:{i:0;O:15:\"App\\Entity\\User\":10:{s:19:\"\0App\\Entity\\User\0id\";i:6;s:22:\"\0App\\Entity\\User\0email\";s:21:\"echerepenya@gmail.com\";s:22:\"\0App\\Entity\\User\0roles\";a:0:{}s:25:\"\0App\\Entity\\User\0password\";s:60:\"$2y$13$Q.tRJrb7t8T1sBkCWuZyC.wkgPvMmY.dwxuDHAY/C5.nvM7Cx.AcS\";s:21:\"\0App\\Entity\\User\0name\";s:7:\"Evgeniy\";s:22:\"\0App\\Entity\\User\0phone\";s:13:\"+380937527958\";s:26:\"\0App\\Entity\\User\0createdAt\";O:17:\"DateTimeImmutable\":3:{s:4:\"date\";s:26:\"2022-02-14 23:33:32.000000\";s:13:\"timezone_type\";i:3;s:8:\"timezone\";s:11:\"Europe/Kiev\";}s:26:\"\0App\\Entity\\User\0updatedAt\";N;s:27:\"\0App\\Entity\\User\0isVerified\";b:0;s:28:\"\0App\\Entity\\User\0refuellings\";O:33:\"Doctrine\\ORM\\PersistentCollection\":2:{s:13:\"\0*\0collection\";O:43:\"Doctrine\\Common\\Collections\\ArrayCollection\":1:{s:53:\"\0Doctrine\\Common\\Collections\\ArrayCollection\0elements\";a:0:{}}s:14:\"\0*\0initialized\";b:0;}}i:1;b:1;i:2;N;i:3;a:0:{}i:4;a:1:{i:0;s:9:\"ROLE_USER\";}}}\";}_sf2_meta|a:3:{s:1:\"u\";i:1645271539;s:1:\"c\";i:1645270995;s:1:\"l\";i:0;}',1645272979,1645271539),('hq2l228bou86nmg8453dl58prv',_binary '_sf2_attributes|a:2:{s:14:\"_security_main\";s:1048:\"O:68:\"Symfony\\Component\\Security\\Core\\Authentication\\Token\\RememberMeToken\":3:{i:0;s:32:\"3221a19cc10969885ab8b0d29a65bdda\";i:1;s:4:\"main\";i:2;a:5:{i:0;O:15:\"App\\Entity\\User\":10:{s:19:\"\0App\\Entity\\User\0id\";i:6;s:22:\"\0App\\Entity\\User\0email\";s:21:\"echerepenya@gmail.com\";s:22:\"\0App\\Entity\\User\0roles\";a:0:{}s:25:\"\0App\\Entity\\User\0password\";s:60:\"$2y$13$Q.tRJrb7t8T1sBkCWuZyC.wkgPvMmY.dwxuDHAY/C5.nvM7Cx.AcS\";s:21:\"\0App\\Entity\\User\0name\";s:7:\"Evgeniy\";s:22:\"\0App\\Entity\\User\0phone\";s:13:\"+380937527958\";s:26:\"\0App\\Entity\\User\0createdAt\";O:17:\"DateTimeImmutable\":3:{s:4:\"date\";s:26:\"2022-02-14 23:33:32.000000\";s:13:\"timezone_type\";i:3;s:8:\"timezone\";s:11:\"Europe/Kiev\";}s:26:\"\0App\\Entity\\User\0updatedAt\";N;s:27:\"\0App\\Entity\\User\0isVerified\";b:0;s:28:\"\0App\\Entity\\User\0refuellings\";O:33:\"Doctrine\\ORM\\PersistentCollection\":2:{s:13:\"\0*\0collection\";O:43:\"Doctrine\\Common\\Collections\\ArrayCollection\":1:{s:53:\"\0Doctrine\\Common\\Collections\\ArrayCollection\0elements\";a:0:{}}s:14:\"\0*\0initialized\";b:0;}}i:1;b:1;i:2;N;i:3;a:0:{}i:4;a:1:{i:0;s:9:\"ROLE_USER\";}}}\";s:22:\"_csrf/https-refuelling\";s:43:\"Y6SZmEdIubPMCV-odODO13rGNbZjM_ThEa1YfX8nWxY\";}_sf2_meta|a:3:{s:1:\"u\";i:1645390282;s:1:\"c\";i:1645388156;s:1:\"l\";i:0;}',1645391723,1645390283),('i186i6l8kck9q2rfpcfem479c7',_binary '_sf2_attributes|a:2:{s:22:\"_csrf/https-refuelling\";s:43:\"SJ2JQed1xjZGItjONwLodydO-uY2xo29ALLM_4H6TmI\";s:14:\"_security_main\";s:1048:\"O:68:\"Symfony\\Component\\Security\\Core\\Authentication\\Token\\RememberMeToken\":3:{i:0;s:32:\"3221a19cc10969885ab8b0d29a65bdda\";i:1;s:4:\"main\";i:2;a:5:{i:0;O:15:\"App\\Entity\\User\":10:{s:19:\"\0App\\Entity\\User\0id\";i:6;s:22:\"\0App\\Entity\\User\0email\";s:21:\"echerepenya@gmail.com\";s:22:\"\0App\\Entity\\User\0roles\";a:0:{}s:25:\"\0App\\Entity\\User\0password\";s:60:\"$2y$13$Q.tRJrb7t8T1sBkCWuZyC.wkgPvMmY.dwxuDHAY/C5.nvM7Cx.AcS\";s:21:\"\0App\\Entity\\User\0name\";s:7:\"Evgeniy\";s:22:\"\0App\\Entity\\User\0phone\";s:13:\"+380937527958\";s:26:\"\0App\\Entity\\User\0createdAt\";O:17:\"DateTimeImmutable\":3:{s:4:\"date\";s:26:\"2022-02-14 23:33:32.000000\";s:13:\"timezone_type\";i:3;s:8:\"timezone\";s:11:\"Europe/Kiev\";}s:26:\"\0App\\Entity\\User\0updatedAt\";N;s:27:\"\0App\\Entity\\User\0isVerified\";b:0;s:28:\"\0App\\Entity\\User\0refuellings\";O:33:\"Doctrine\\ORM\\PersistentCollection\":2:{s:13:\"\0*\0collection\";O:43:\"Doctrine\\Common\\Collections\\ArrayCollection\":1:{s:53:\"\0Doctrine\\Common\\Collections\\ArrayCollection\0elements\";a:0:{}}s:14:\"\0*\0initialized\";b:0;}}i:1;b:1;i:2;N;i:3;a:0:{}i:4;a:1:{i:0;s:9:\"ROLE_USER\";}}}\";}_sf2_meta|a:3:{s:1:\"u\";i:1645199726;s:1:\"c\";i:1645198550;s:1:\"l\";i:0;}',1645201167,1645199727),('il7u990eanon7e0044t5v1n7ep',_binary '_sf2_attributes|a:1:{s:14:\"_security_main\";s:1048:\"O:68:\"Symfony\\Component\\Security\\Core\\Authentication\\Token\\RememberMeToken\":3:{i:0;s:32:\"3221a19cc10969885ab8b0d29a65bdda\";i:1;s:4:\"main\";i:2;a:5:{i:0;O:15:\"App\\Entity\\User\":10:{s:19:\"\0App\\Entity\\User\0id\";i:6;s:22:\"\0App\\Entity\\User\0email\";s:21:\"echerepenya@gmail.com\";s:22:\"\0App\\Entity\\User\0roles\";a:0:{}s:25:\"\0App\\Entity\\User\0password\";s:60:\"$2y$13$Q.tRJrb7t8T1sBkCWuZyC.wkgPvMmY.dwxuDHAY/C5.nvM7Cx.AcS\";s:21:\"\0App\\Entity\\User\0name\";s:7:\"Evgeniy\";s:22:\"\0App\\Entity\\User\0phone\";s:13:\"+380937527958\";s:26:\"\0App\\Entity\\User\0createdAt\";O:17:\"DateTimeImmutable\":3:{s:4:\"date\";s:26:\"2022-02-14 23:33:32.000000\";s:13:\"timezone_type\";i:3;s:8:\"timezone\";s:11:\"Europe/Kiev\";}s:26:\"\0App\\Entity\\User\0updatedAt\";N;s:27:\"\0App\\Entity\\User\0isVerified\";b:0;s:28:\"\0App\\Entity\\User\0refuellings\";O:33:\"Doctrine\\ORM\\PersistentCollection\":2:{s:13:\"\0*\0collection\";O:43:\"Doctrine\\Common\\Collections\\ArrayCollection\":1:{s:53:\"\0Doctrine\\Common\\Collections\\ArrayCollection\0elements\";a:0:{}}s:14:\"\0*\0initialized\";b:0;}}i:1;b:1;i:2;N;i:3;a:0:{}i:4;a:1:{i:0;s:9:\"ROLE_USER\";}}}\";}_sf2_meta|a:3:{s:1:\"u\";i:1645432958;s:1:\"c\";i:1645430372;s:1:\"l\";i:0;}',1645434399,1645432959),('juialc12u2udl9akd3j819qg2q',_binary '_sf2_attributes|a:1:{s:14:\"_security_main\";s:1048:\"O:68:\"Symfony\\Component\\Security\\Core\\Authentication\\Token\\RememberMeToken\":3:{i:0;s:32:\"3221a19cc10969885ab8b0d29a65bdda\";i:1;s:4:\"main\";i:2;a:5:{i:0;O:15:\"App\\Entity\\User\":10:{s:19:\"\0App\\Entity\\User\0id\";i:6;s:22:\"\0App\\Entity\\User\0email\";s:21:\"echerepenya@gmail.com\";s:22:\"\0App\\Entity\\User\0roles\";a:0:{}s:25:\"\0App\\Entity\\User\0password\";s:60:\"$2y$13$Q.tRJrb7t8T1sBkCWuZyC.wkgPvMmY.dwxuDHAY/C5.nvM7Cx.AcS\";s:21:\"\0App\\Entity\\User\0name\";s:7:\"Evgeniy\";s:22:\"\0App\\Entity\\User\0phone\";s:13:\"+380937527958\";s:26:\"\0App\\Entity\\User\0createdAt\";O:17:\"DateTimeImmutable\":3:{s:4:\"date\";s:26:\"2022-02-14 23:33:32.000000\";s:13:\"timezone_type\";i:3;s:8:\"timezone\";s:11:\"Europe/Kiev\";}s:26:\"\0App\\Entity\\User\0updatedAt\";N;s:27:\"\0App\\Entity\\User\0isVerified\";b:0;s:28:\"\0App\\Entity\\User\0refuellings\";O:33:\"Doctrine\\ORM\\PersistentCollection\":2:{s:13:\"\0*\0collection\";O:43:\"Doctrine\\Common\\Collections\\ArrayCollection\":1:{s:53:\"\0Doctrine\\Common\\Collections\\ArrayCollection\0elements\";a:0:{}}s:14:\"\0*\0initialized\";b:0;}}i:1;b:1;i:2;N;i:3;a:0:{}i:4;a:1:{i:0;s:9:\"ROLE_USER\";}}}\";}_sf2_meta|a:3:{s:1:\"u\";i:1645435967;s:1:\"c\";i:1645435967;s:1:\"l\";i:0;}',1645437408,1645435968),('k9g5dqajqiq77g2ha9g216tas1',_binary '_sf2_attributes|a:4:{s:14:\"_security_main\";s:1048:\"O:68:\"Symfony\\Component\\Security\\Core\\Authentication\\Token\\RememberMeToken\":3:{i:0;s:32:\"3221a19cc10969885ab8b0d29a65bdda\";i:1;s:4:\"main\";i:2;a:5:{i:0;O:15:\"App\\Entity\\User\":10:{s:19:\"\0App\\Entity\\User\0id\";i:6;s:22:\"\0App\\Entity\\User\0email\";s:21:\"echerepenya@gmail.com\";s:22:\"\0App\\Entity\\User\0roles\";a:0:{}s:25:\"\0App\\Entity\\User\0password\";s:60:\"$2y$13$Q.tRJrb7t8T1sBkCWuZyC.wkgPvMmY.dwxuDHAY/C5.nvM7Cx.AcS\";s:21:\"\0App\\Entity\\User\0name\";s:7:\"Evgeniy\";s:22:\"\0App\\Entity\\User\0phone\";s:13:\"+380937527958\";s:26:\"\0App\\Entity\\User\0createdAt\";O:17:\"DateTimeImmutable\":3:{s:4:\"date\";s:26:\"2022-02-14 23:33:32.000000\";s:13:\"timezone_type\";i:3;s:8:\"timezone\";s:11:\"Europe/Kiev\";}s:26:\"\0App\\Entity\\User\0updatedAt\";N;s:27:\"\0App\\Entity\\User\0isVerified\";b:0;s:28:\"\0App\\Entity\\User\0refuellings\";O:33:\"Doctrine\\ORM\\PersistentCollection\":2:{s:13:\"\0*\0collection\";O:43:\"Doctrine\\Common\\Collections\\ArrayCollection\":1:{s:53:\"\0Doctrine\\Common\\Collections\\ArrayCollection\0elements\";a:0:{}}s:14:\"\0*\0initialized\";b:0;}}i:1;b:1;i:2;N;i:3;a:0:{}i:4;a:1:{i:0;s:9:\"ROLE_USER\";}}}\";s:22:\"_csrf/https-refuelling\";s:43:\"0dsdR9oe4paA21a5P_1PoDvcWHi1dZVWcQXKo_4deVU\";s:15:\"_csrf/https-car\";s:43:\"1UjUF8c4FEpPW19MWs5MMQTJOEYbGAgcDTCPEK9R5sY\";s:26:\"_csrf/https-petrol_station\";s:43:\"F0vQkaaG61Aa-LB6o-CJvb_ZZwBJ599k1iGy9srOEVQ\";}_sf2_meta|a:3:{s:1:\"u\";i:1645308387;s:1:\"c\";i:1645306427;s:1:\"l\";i:0;}',1645309827,1645308387),('kpnp1somdiv62vgftt7r4icglv',_binary '_sf2_attributes|a:3:{s:26:\"_csrf/https-petrol_station\";s:43:\"65iDH4fpIS-SNlU1WHwflbyUtlXoNyFvxRWZBDSagOA\";s:23:\"_security.last_username\";s:21:\"echerepenya@gmail.com\";s:14:\"_security_main\";s:765:\"O:74:\"Symfony\\Component\\Security\\Core\\Authentication\\Token\\UsernamePasswordToken\":3:{i:0;N;i:1;s:4:\"main\";i:2;a:5:{i:0;O:15:\"App\\Entity\\User\":9:{s:19:\"\0App\\Entity\\User\0id\";i:6;s:22:\"\0App\\Entity\\User\0email\";s:21:\"echerepenya@gmail.com\";s:22:\"\0App\\Entity\\User\0roles\";a:0:{}s:25:\"\0App\\Entity\\User\0password\";s:60:\"$2y$13$Q.tRJrb7t8T1sBkCWuZyC.wkgPvMmY.dwxuDHAY/C5.nvM7Cx.AcS\";s:21:\"\0App\\Entity\\User\0name\";s:7:\"Evgeniy\";s:22:\"\0App\\Entity\\User\0phone\";s:13:\"+380937527958\";s:26:\"\0App\\Entity\\User\0createdAt\";O:17:\"DateTimeImmutable\":3:{s:4:\"date\";s:26:\"2022-02-14 23:33:32.000000\";s:13:\"timezone_type\";i:3;s:8:\"timezone\";s:11:\"Europe/Kiev\";}s:26:\"\0App\\Entity\\User\0updatedAt\";N;s:27:\"\0App\\Entity\\User\0isVerified\";b:0;}i:1;b:1;i:2;N;i:3;a:0:{}i:4;a:1:{i:0;s:9:\"ROLE_USER\";}}}\";}_sf2_meta|a:3:{s:1:\"u\";i:1644960558;s:1:\"c\";i:1644960415;s:1:\"l\";i:0;}',1644961998,1644960558),('l6rmaqsq9qu8ar0fjt99lnejle',_binary '_sf2_attributes|a:2:{s:29:\"_csrf/https-registration_form\";s:43:\"cdGv27IGfmTjD9yMkpYr6WmZc08Q2qafh9NLNtU0BCg\";s:26:\"_security.main.target_path\";s:23:\"https://localhost:8000/\";}_sf2_meta|a:3:{s:1:\"u\";i:1644939076;s:1:\"c\";i:1644938191;s:1:\"l\";i:0;}',1644940517,1644939077),('md9svlke0ce49iij9stt1q73f8',_binary '_sf2_attributes|a:3:{s:22:\"_csrf/https-refuelling\";s:43:\"eVhRKJyQlwWwwyCAjt6QAixbTAZ2xkOv4L6ss7NwLLc\";s:14:\"_security_main\";s:1048:\"O:68:\"Symfony\\Component\\Security\\Core\\Authentication\\Token\\RememberMeToken\":3:{i:0;s:32:\"3221a19cc10969885ab8b0d29a65bdda\";i:1;s:4:\"main\";i:2;a:5:{i:0;O:15:\"App\\Entity\\User\":10:{s:19:\"\0App\\Entity\\User\0id\";i:6;s:22:\"\0App\\Entity\\User\0email\";s:21:\"echerepenya@gmail.com\";s:22:\"\0App\\Entity\\User\0roles\";a:0:{}s:25:\"\0App\\Entity\\User\0password\";s:60:\"$2y$13$Q.tRJrb7t8T1sBkCWuZyC.wkgPvMmY.dwxuDHAY/C5.nvM7Cx.AcS\";s:21:\"\0App\\Entity\\User\0name\";s:7:\"Evgeniy\";s:22:\"\0App\\Entity\\User\0phone\";s:13:\"+380937527958\";s:26:\"\0App\\Entity\\User\0createdAt\";O:17:\"DateTimeImmutable\":3:{s:4:\"date\";s:26:\"2022-02-14 23:33:32.000000\";s:13:\"timezone_type\";i:3;s:8:\"timezone\";s:11:\"Europe/Kiev\";}s:26:\"\0App\\Entity\\User\0updatedAt\";N;s:27:\"\0App\\Entity\\User\0isVerified\";b:0;s:28:\"\0App\\Entity\\User\0refuellings\";O:33:\"Doctrine\\ORM\\PersistentCollection\":2:{s:13:\"\0*\0collection\";O:43:\"Doctrine\\Common\\Collections\\ArrayCollection\":1:{s:53:\"\0Doctrine\\Common\\Collections\\ArrayCollection\0elements\";a:0:{}}s:14:\"\0*\0initialized\";b:0;}}i:1;b:1;i:2;N;i:3;a:0:{}i:4;a:1:{i:0;s:9:\"ROLE_USER\";}}}\";s:26:\"_csrf/https-petrol_station\";s:43:\"eOofgnPyRDO2PDGdCdeowrWvWYFMDcM5g-Ac0QLr4D4\";}_sf2_meta|a:3:{s:1:\"u\";i:1645193319;s:1:\"c\";i:1645190770;s:1:\"l\";i:0;}',1645194760,1645193320),('mrlqfgjdojb4c1j30ga0rtskh4',_binary '_sf2_attributes|a:4:{s:23:\"_security.last_username\";s:21:\"echerepenya@gmail.com\";s:14:\"_security_main\";s:765:\"O:74:\"Symfony\\Component\\Security\\Core\\Authentication\\Token\\UsernamePasswordToken\":3:{i:0;N;i:1;s:4:\"main\";i:2;a:5:{i:0;O:15:\"App\\Entity\\User\":9:{s:19:\"\0App\\Entity\\User\0id\";i:6;s:22:\"\0App\\Entity\\User\0email\";s:21:\"echerepenya@gmail.com\";s:22:\"\0App\\Entity\\User\0roles\";a:0:{}s:25:\"\0App\\Entity\\User\0password\";s:60:\"$2y$13$Q.tRJrb7t8T1sBkCWuZyC.wkgPvMmY.dwxuDHAY/C5.nvM7Cx.AcS\";s:21:\"\0App\\Entity\\User\0name\";s:7:\"Evgeniy\";s:22:\"\0App\\Entity\\User\0phone\";s:13:\"+380937527958\";s:26:\"\0App\\Entity\\User\0createdAt\";O:17:\"DateTimeImmutable\":3:{s:4:\"date\";s:26:\"2022-02-14 23:33:32.000000\";s:13:\"timezone_type\";i:3;s:8:\"timezone\";s:11:\"Europe/Kiev\";}s:26:\"\0App\\Entity\\User\0updatedAt\";N;s:27:\"\0App\\Entity\\User\0isVerified\";b:0;}i:1;b:1;i:2;N;i:3;a:0:{}i:4;a:1:{i:0;s:9:\"ROLE_USER\";}}}\";s:26:\"_csrf/https-petrol_station\";s:43:\"NDpeY1-YnhdO7X759MsF1hZTAANBU4kqveFgvXWiFqE\";s:15:\"_csrf/https-car\";s:43:\"UmEEde09qqeQuAxJtFFNRfMgJ456LOJkidLdBCAoPp8\";}_sf2_meta|a:3:{s:1:\"u\";i:1645001355;s:1:\"c\";i:1644999768;s:1:\"l\";i:0;}',1645002795,1645001355),('o2okfem36hml267j1hrr0in7ub',_binary '_sf2_attributes|a:3:{s:14:\"_security_main\";s:1048:\"O:68:\"Symfony\\Component\\Security\\Core\\Authentication\\Token\\RememberMeToken\":3:{i:0;s:32:\"3221a19cc10969885ab8b0d29a65bdda\";i:1;s:4:\"main\";i:2;a:5:{i:0;O:15:\"App\\Entity\\User\":10:{s:19:\"\0App\\Entity\\User\0id\";i:6;s:22:\"\0App\\Entity\\User\0email\";s:21:\"echerepenya@gmail.com\";s:22:\"\0App\\Entity\\User\0roles\";a:0:{}s:25:\"\0App\\Entity\\User\0password\";s:60:\"$2y$13$Q.tRJrb7t8T1sBkCWuZyC.wkgPvMmY.dwxuDHAY/C5.nvM7Cx.AcS\";s:21:\"\0App\\Entity\\User\0name\";s:7:\"Evgeniy\";s:22:\"\0App\\Entity\\User\0phone\";s:13:\"+380937527958\";s:26:\"\0App\\Entity\\User\0createdAt\";O:17:\"DateTimeImmutable\":3:{s:4:\"date\";s:26:\"2022-02-14 23:33:32.000000\";s:13:\"timezone_type\";i:3;s:8:\"timezone\";s:11:\"Europe/Kiev\";}s:26:\"\0App\\Entity\\User\0updatedAt\";N;s:27:\"\0App\\Entity\\User\0isVerified\";b:0;s:28:\"\0App\\Entity\\User\0refuellings\";O:33:\"Doctrine\\ORM\\PersistentCollection\":2:{s:13:\"\0*\0collection\";O:43:\"Doctrine\\Common\\Collections\\ArrayCollection\":1:{s:53:\"\0Doctrine\\Common\\Collections\\ArrayCollection\0elements\";a:0:{}}s:14:\"\0*\0initialized\";b:0;}}i:1;b:1;i:2;N;i:3;a:0:{}i:4;a:1:{i:0;s:9:\"ROLE_USER\";}}}\";s:22:\"_csrf/https-refuelling\";s:43:\"fEDLMH1PfXfCbWISPWAvC2eOWL8b_o8k6v-3tjXMEYc\";s:26:\"_csrf/https-petrol_station\";s:43:\"zJbyB3wdvI15feMoUVsA2-LXYzxgbGxxRS0QTK55N9g\";}_sf2_meta|a:3:{s:1:\"u\";i:1645088343;s:1:\"c\";i:1645087120;s:1:\"l\";i:0;}',1645089783,1645088343),('o2t464nuemv1oel382afme8ojk',_binary '_sf2_attributes|a:1:{s:14:\"_security_main\";s:1048:\"O:68:\"Symfony\\Component\\Security\\Core\\Authentication\\Token\\RememberMeToken\":3:{i:0;s:32:\"3221a19cc10969885ab8b0d29a65bdda\";i:1;s:4:\"main\";i:2;a:5:{i:0;O:15:\"App\\Entity\\User\":10:{s:19:\"\0App\\Entity\\User\0id\";i:6;s:22:\"\0App\\Entity\\User\0email\";s:21:\"echerepenya@gmail.com\";s:22:\"\0App\\Entity\\User\0roles\";a:0:{}s:25:\"\0App\\Entity\\User\0password\";s:60:\"$2y$13$Q.tRJrb7t8T1sBkCWuZyC.wkgPvMmY.dwxuDHAY/C5.nvM7Cx.AcS\";s:21:\"\0App\\Entity\\User\0name\";s:7:\"Evgeniy\";s:22:\"\0App\\Entity\\User\0phone\";s:13:\"+380937527958\";s:26:\"\0App\\Entity\\User\0createdAt\";O:17:\"DateTimeImmutable\":3:{s:4:\"date\";s:26:\"2022-02-14 23:33:32.000000\";s:13:\"timezone_type\";i:3;s:8:\"timezone\";s:11:\"Europe/Kiev\";}s:26:\"\0App\\Entity\\User\0updatedAt\";N;s:27:\"\0App\\Entity\\User\0isVerified\";b:0;s:28:\"\0App\\Entity\\User\0refuellings\";O:33:\"Doctrine\\ORM\\PersistentCollection\":2:{s:13:\"\0*\0collection\";O:43:\"Doctrine\\Common\\Collections\\ArrayCollection\":1:{s:53:\"\0Doctrine\\Common\\Collections\\ArrayCollection\0elements\";a:0:{}}s:14:\"\0*\0initialized\";b:0;}}i:1;b:1;i:2;N;i:3;a:0:{}i:4;a:1:{i:0;s:9:\"ROLE_USER\";}}}\";}_sf2_meta|a:3:{s:1:\"u\";i:1645047592;s:1:\"c\";i:1645046679;s:1:\"l\";i:0;}',1645049033,1645047593),('ppcroro2ii2tkcrj9lck8ha47c',_binary '_sf2_attributes|a:5:{s:29:\"_csrf/https-registration_form\";s:43:\"akBGqGBB0viJwsjWSijkn7SVpmObhiSemxgJlAtY4c8\";s:23:\"_security.last_username\";s:21:\"echerepenya@gmail.com\";s:14:\"_security_main\";s:1016:\"O:74:\"Symfony\\Component\\Security\\Core\\Authentication\\Token\\UsernamePasswordToken\":3:{i:0;N;i:1;s:4:\"main\";i:2;a:5:{i:0;O:15:\"App\\Entity\\User\":10:{s:19:\"\0App\\Entity\\User\0id\";i:6;s:22:\"\0App\\Entity\\User\0email\";s:21:\"echerepenya@gmail.com\";s:22:\"\0App\\Entity\\User\0roles\";a:0:{}s:25:\"\0App\\Entity\\User\0password\";s:60:\"$2y$13$Q.tRJrb7t8T1sBkCWuZyC.wkgPvMmY.dwxuDHAY/C5.nvM7Cx.AcS\";s:21:\"\0App\\Entity\\User\0name\";s:7:\"Evgeniy\";s:22:\"\0App\\Entity\\User\0phone\";s:13:\"+380937527958\";s:26:\"\0App\\Entity\\User\0createdAt\";O:17:\"DateTimeImmutable\":3:{s:4:\"date\";s:26:\"2022-02-14 23:33:32.000000\";s:13:\"timezone_type\";i:3;s:8:\"timezone\";s:11:\"Europe/Kiev\";}s:26:\"\0App\\Entity\\User\0updatedAt\";N;s:27:\"\0App\\Entity\\User\0isVerified\";b:0;s:28:\"\0App\\Entity\\User\0refuellings\";O:33:\"Doctrine\\ORM\\PersistentCollection\":2:{s:13:\"\0*\0collection\";O:43:\"Doctrine\\Common\\Collections\\ArrayCollection\":1:{s:53:\"\0Doctrine\\Common\\Collections\\ArrayCollection\0elements\";a:0:{}}s:14:\"\0*\0initialized\";b:0;}}i:1;b:1;i:2;N;i:3;a:0:{}i:4;a:1:{i:0;s:9:\"ROLE_USER\";}}}\";s:26:\"_csrf/https-petrol_station\";s:43:\"SbY_jlL3ushDaIO3nI-S8dovi5uJj7EkSCkGSKFvFA0\";s:22:\"_csrf/https-refuelling\";s:43:\"3QffU8-OX8qlKG3HkFkHreXnhmiHzzx2f4wHufAAQ3c\";}_sf2_meta|a:3:{s:1:\"u\";i:1645125291;s:1:\"c\";i:1645125246;s:1:\"l\";i:0;}',1645126731,1645125291),('s56pbuhrv98tj988ng80q5i0l0',_binary '_sf2_attributes|a:3:{s:22:\"_csrf/https-refuelling\";s:43:\"diNIURWLg5gUjeg0PGNMqBj7UwO7GqdW161re3ts6K0\";s:14:\"_security_main\";s:1048:\"O:68:\"Symfony\\Component\\Security\\Core\\Authentication\\Token\\RememberMeToken\":3:{i:0;s:32:\"3221a19cc10969885ab8b0d29a65bdda\";i:1;s:4:\"main\";i:2;a:5:{i:0;O:15:\"App\\Entity\\User\":10:{s:19:\"\0App\\Entity\\User\0id\";i:6;s:22:\"\0App\\Entity\\User\0email\";s:21:\"echerepenya@gmail.com\";s:22:\"\0App\\Entity\\User\0roles\";a:0:{}s:25:\"\0App\\Entity\\User\0password\";s:60:\"$2y$13$Q.tRJrb7t8T1sBkCWuZyC.wkgPvMmY.dwxuDHAY/C5.nvM7Cx.AcS\";s:21:\"\0App\\Entity\\User\0name\";s:7:\"Evgeniy\";s:22:\"\0App\\Entity\\User\0phone\";s:13:\"+380937527958\";s:26:\"\0App\\Entity\\User\0createdAt\";O:17:\"DateTimeImmutable\":3:{s:4:\"date\";s:26:\"2022-02-14 23:33:32.000000\";s:13:\"timezone_type\";i:3;s:8:\"timezone\";s:11:\"Europe/Kiev\";}s:26:\"\0App\\Entity\\User\0updatedAt\";N;s:27:\"\0App\\Entity\\User\0isVerified\";b:0;s:28:\"\0App\\Entity\\User\0refuellings\";O:33:\"Doctrine\\ORM\\PersistentCollection\":2:{s:13:\"\0*\0collection\";O:43:\"Doctrine\\Common\\Collections\\ArrayCollection\":1:{s:53:\"\0Doctrine\\Common\\Collections\\ArrayCollection\0elements\";a:0:{}}s:14:\"\0*\0initialized\";b:0;}}i:1;b:1;i:2;N;i:3;a:0:{}i:4;a:1:{i:0;s:9:\"ROLE_USER\";}}}\";s:26:\"_csrf/https-petrol_station\";s:43:\"KZArQoAT4k6IlMSV1owK_lkfkj6hdTig5FcBECGFfhM\";}_sf2_meta|a:3:{s:1:\"u\";i:1645097843;s:1:\"c\";i:1645097486;s:1:\"l\";i:0;}',1645099283,1645097843),('s7rmeus4hior5v95f9n48pvm6j',_binary '_sf2_attributes|a:1:{s:29:\"_csrf/https-registration_form\";s:43:\"dG0MjO9uAw9dy9pb2rENoN7Qfxc5Addxtc1g47OV3_s\";}_sf2_meta|a:3:{s:1:\"u\";i:1644867391;s:1:\"c\";i:1644867252;s:1:\"l\";i:0;}',1644868831,1644867391),('u0ogppnlgpreja14bgkdtffbuc',_binary '_sf2_attributes|a:2:{s:14:\"_security_main\";s:1048:\"O:68:\"Symfony\\Component\\Security\\Core\\Authentication\\Token\\RememberMeToken\":3:{i:0;s:32:\"3221a19cc10969885ab8b0d29a65bdda\";i:1;s:4:\"main\";i:2;a:5:{i:0;O:15:\"App\\Entity\\User\":10:{s:19:\"\0App\\Entity\\User\0id\";i:6;s:22:\"\0App\\Entity\\User\0email\";s:21:\"echerepenya@gmail.com\";s:22:\"\0App\\Entity\\User\0roles\";a:0:{}s:25:\"\0App\\Entity\\User\0password\";s:60:\"$2y$13$Q.tRJrb7t8T1sBkCWuZyC.wkgPvMmY.dwxuDHAY/C5.nvM7Cx.AcS\";s:21:\"\0App\\Entity\\User\0name\";s:7:\"Evgeniy\";s:22:\"\0App\\Entity\\User\0phone\";s:13:\"+380937527958\";s:26:\"\0App\\Entity\\User\0createdAt\";O:17:\"DateTimeImmutable\":3:{s:4:\"date\";s:26:\"2022-02-14 23:33:32.000000\";s:13:\"timezone_type\";i:3;s:8:\"timezone\";s:11:\"Europe/Kiev\";}s:26:\"\0App\\Entity\\User\0updatedAt\";N;s:27:\"\0App\\Entity\\User\0isVerified\";b:0;s:28:\"\0App\\Entity\\User\0refuellings\";O:33:\"Doctrine\\ORM\\PersistentCollection\":2:{s:13:\"\0*\0collection\";O:43:\"Doctrine\\Common\\Collections\\ArrayCollection\":1:{s:53:\"\0Doctrine\\Common\\Collections\\ArrayCollection\0elements\";a:0:{}}s:14:\"\0*\0initialized\";b:0;}}i:1;b:1;i:2;N;i:3;a:0:{}i:4;a:1:{i:0;s:9:\"ROLE_USER\";}}}\";s:22:\"_csrf/https-refuelling\";s:43:\"T2KeXdY_B3xWx8vhb_7acd2zD7l95ed5EQUYYubouOY\";}_sf2_meta|a:3:{s:1:\"u\";i:1645274567;s:1:\"c\";i:1645273434;s:1:\"l\";i:0;}',1645276007,1645274567),('vpgearje93dor8o4fikbsp5a8d',_binary '_sf2_attributes|a:2:{s:14:\"_security_main\";s:1048:\"O:68:\"Symfony\\Component\\Security\\Core\\Authentication\\Token\\RememberMeToken\":3:{i:0;s:32:\"3221a19cc10969885ab8b0d29a65bdda\";i:1;s:4:\"main\";i:2;a:5:{i:0;O:15:\"App\\Entity\\User\":10:{s:19:\"\0App\\Entity\\User\0id\";i:6;s:22:\"\0App\\Entity\\User\0email\";s:21:\"echerepenya@gmail.com\";s:22:\"\0App\\Entity\\User\0roles\";a:0:{}s:25:\"\0App\\Entity\\User\0password\";s:60:\"$2y$13$Q.tRJrb7t8T1sBkCWuZyC.wkgPvMmY.dwxuDHAY/C5.nvM7Cx.AcS\";s:21:\"\0App\\Entity\\User\0name\";s:7:\"Evgeniy\";s:22:\"\0App\\Entity\\User\0phone\";s:13:\"+380937527958\";s:26:\"\0App\\Entity\\User\0createdAt\";O:17:\"DateTimeImmutable\":3:{s:4:\"date\";s:26:\"2022-02-14 23:33:32.000000\";s:13:\"timezone_type\";i:3;s:8:\"timezone\";s:11:\"Europe/Kiev\";}s:26:\"\0App\\Entity\\User\0updatedAt\";N;s:27:\"\0App\\Entity\\User\0isVerified\";b:0;s:28:\"\0App\\Entity\\User\0refuellings\";O:33:\"Doctrine\\ORM\\PersistentCollection\":2:{s:13:\"\0*\0collection\";O:43:\"Doctrine\\Common\\Collections\\ArrayCollection\":1:{s:53:\"\0Doctrine\\Common\\Collections\\ArrayCollection\0elements\";a:0:{}}s:14:\"\0*\0initialized\";b:0;}}i:1;b:1;i:2;N;i:3;a:0:{}i:4;a:1:{i:0;s:9:\"ROLE_USER\";}}}\";s:22:\"_csrf/https-refuelling\";s:43:\"YsBrt3b_L7i-teZfdJyPL9yE7vH7caEfdr-P5_RLr0s\";}_sf2_meta|a:3:{s:1:\"u\";i:1645170439;s:1:\"c\";i:1645169627;s:1:\"l\";i:0;}',1645171879,1645170439);
/*!40000 ALTER TABLE `sessions` ENABLE KEYS */;
UNLOCK TABLES;

--
-- Table structure for table `user`
--

DROP TABLE IF EXISTS `user`;
/*!40101 SET @saved_cs_client     = @@character_set_client */;
/*!50503 SET character_set_client = utf8mb4 */;
CREATE TABLE `user` (
  `id` int NOT NULL AUTO_INCREMENT,
  `email` varchar(180) COLLATE utf8mb4_unicode_ci NOT NULL,
  `roles` json NOT NULL,
  `password` varchar(255) COLLATE utf8mb4_unicode_ci NOT NULL,
  `name` varchar(255) COLLATE utf8mb4_unicode_ci NOT NULL,
  `phone` varchar(255) COLLATE utf8mb4_unicode_ci NOT NULL,
  `created_at` datetime NOT NULL COMMENT '(DC2Type:datetime_immutable)',
  `updated_at` datetime DEFAULT NULL COMMENT '(DC2Type:datetime_immutable)',
  PRIMARY KEY (`id`),
  UNIQUE KEY `UNIQ_8D93D649E7927C74` (`email`)
) ENGINE=InnoDB AUTO_INCREMENT=7 DEFAULT CHARSET=utf8mb4 COLLATE=utf8mb4_unicode_ci;
/*!40101 SET character_set_client = @saved_cs_client */;

--
-- Dumping data for table `user`
--

LOCK TABLES `user` WRITE;
/*!40000 ALTER TABLE `user` DISABLE KEYS */;
INSERT INTO `user` VALUES (6,'echerepenya@gmail.com','[]','$2y$13$Q.tRJrb7t8T1sBkCWuZyC.wkgPvMmY.dwxuDHAY/C5.nvM7Cx.AcS','Evgeniy','+380937527958','2022-02-14 23:33:32',NULL);
/*!40000 ALTER TABLE `user` ENABLE KEYS */;
UNLOCK TABLES;
/*!40103 SET TIME_ZONE=@OLD_TIME_ZONE */;

/*!40101 SET SQL_MODE=@OLD_SQL_MODE */;
/*!40014 SET FOREIGN_KEY_CHECKS=@OLD_FOREIGN_KEY_CHECKS */;
/*!40014 SET UNIQUE_CHECKS=@OLD_UNIQUE_CHECKS */;
/*!40101 SET CHARACTER_SET_CLIENT=@OLD_CHARACTER_SET_CLIENT */;
/*!40101 SET CHARACTER_SET_RESULTS=@OLD_CHARACTER_SET_RESULTS */;
/*!40101 SET COLLATION_CONNECTION=@OLD_COLLATION_CONNECTION */;
/*!40111 SET SQL_NOTES=@OLD_SQL_NOTES */;

-- Dump completed on 2022-02-21 18:43:36
